date,T_max,T_min,T_mean
2016-01-01,27.262928,12.055894,19.659411
2016-01-02,27.545879,11.80948,19.6776795
2016-01-03,25.271129,12.197141,18.734135
2016-01-04,28.115524,13.425799,20.7706615
2016-01-05,30.377481,13.644538,22.0110095
2016-01-06,28.564359,13.985656,21.2750075
2016-01-07,25.803172,12.297394,19.050283
2016-01-08,26.151201,12.400087,19.275644
2016-01-09,27.7224,11.693772,19.708086
2016-01-10,27.120662,11.576004,19.348333
2016-01-11,25.17952,11.364857,18.2721885
2016-01-12,25.839557,11.012053,18.425805
2016-01-13,28.38815,11.75746,20.072805
2016-01-14,26.723194,11.672589,19.1978915
2016-01-15,30.0752,11.737294,20.906247
2016-01-16,29.604152,13.108616,21.356384
2016-01-17,31.70802,13.697417,22.7027185
2016-01-18,28.598729,13.621506,21.1101175
2016-01-19,27.363068,13.147918,20.255493
2016-01-20,28.51849,13.909532,21.214011
2016-01-21,26.115659,13.433056,19.7743575
2016-01-22,26.808292,13.197318,20.002805000000002
2016-01-23,24.663859,12.907196,18.7855275
2016-01-24,25.420758,12.118278,18.769517999999998
2016-01-25,24.053744,12.109369,18.081556499999998
2016-01-26,26.901265,11.10981,19.0055375
2016-01-27,28.28553,11.898882,20.092206
2016-01-28,28.731254,13.201928,20.966591
2016-01-29,26.890263,12.43344,19.6618515
2016-01-30,31.283998,13.001586,22.142792
2016-01-31,28.777034,13.517715,21.1473745
2016-02-01,28.075394,12.778432,20.426913
2016-02-02,27.025655,12.228025,19.62684
2016-02-03,27.871572,12.457721,20.1646465
2016-02-04,26.842409,12.322199,19.582304
2016-02-05,28.151804,11.797197,19.974500499999998
2016-02-06,27.763344,12.136373,19.9498585
2016-02-07,26.193769,11.499148,18.8464585
2016-02-08,27.342055,11.453964,19.3980095
2016-02-09,28.456497,13.141207,20.798852
2016-02-10,27.092889,12.19832,19.6456045
2016-02-11,26.494099,11.587525,19.040812
2016-02-12,25.936078,11.339531,18.637804499999998
2016-02-13,28.667696,11.067839,19.8677675
2016-02-14,29.532819,11.971146,20.7519825
2016-02-15,29.133991,12.792616,20.963303500000002
2016-02-16,24.295554,11.161693,17.728623499999998
2016-02-17,26.852365,10.360223,18.606294
2016-02-18,26.841247,11.228284,19.0347655
2016-02-19,29.539719,12.019256,20.779487500000002
2016-02-20,29.666753,12.74417,21.2054615
2016-02-21,27.537372,11.912406,19.724889
2016-02-22,28.468341,12.345542,20.4069415
2016-02-23,28.535386,12.985454,20.76042
2016-02-24,29.652573,13.609795,21.631184
2016-02-25,27.598974,12.233246,19.91611
2016-02-26,26.928003,9.3908494,18.1594262
2016-02-27,29.023979,11.401827,20.212903
2016-02-28,29.724387,12.26258,20.9934835
2016-02-29,28.49446,11.844541,20.169500499999998
2016-03-01,29.683494,12.149729,20.916611500000002
2016-03-02,28.760435,12.056754,20.4085945
2016-03-03,26.910829,11.613181,19.262005000000002
2016-03-04,28.267656,11.748105,20.0078805
2016-03-05,27.128199,11.336535,19.232367
2016-03-06,24.310846,10.99133,17.651088
2016-03-07,23.526992,9.4418437,16.48441785
2016-03-08,26.932891,9.8991575,18.41602425
2016-03-09,29.229471,11.622952,20.4262115
2016-03-10,26.881401,11.65848,19.2699405
2016-03-11,26.342157,10.85042,18.5962885
2016-03-12,25.353195,10.574272,17.9637335
2016-03-13,27.872938,11.121796,19.497367
2016-03-14,27.076619,11.87794,19.4772795
2016-03-15,26.841196,11.953472,19.397334
2016-03-16,24.586573,11.74738,18.1669765
2016-03-17,23.255768,10.313766,16.784767
2016-03-18,26.756775,9.7699961,18.263385550000002
2016-03-19,25.547658,9.9022071,17.72493255
2016-03-20,26.453158,9.7671223,18.11014015
2016-03-21,25.470953,9.7447955,17.607874250000002
2016-03-22,27.411241,10.652607,19.031924
2016-03-23,23.684876,10.230433,16.9576545
2016-03-24,24.520261,9.9896777,17.25496935
2016-03-25,27.920643,10.073516,18.997079499999998
2016-03-26,24.728137,10.025987,17.377062000000002
2016-03-27,25.022717,9.6424551,17.33258605
2016-03-28,24.646117,9.7239322,17.1850246
2016-03-29,22.999538,9.122461,16.0609995
2016-03-30,21.872725,9.8918929,15.882308949999999
2016-03-31,25.914326,10.154143,18.0342345
2016-04-01,21.937289,9.8213999,15.87934445
2016-04-02,22.047192,8.687065,15.3671285
2016-04-03,18.36355,8.0732065,13.21837825
2016-04-04,22.668791,7.0705794,14.8696852
2016-04-05,21.974915,9.4937667,15.734340849999999
2016-04-06,22.282915,8.3230614,15.3029882
2016-04-07,22.438416,7.6549566,15.046686300000001
2016-04-08,20.74752,7.1422361,13.94487805
2016-04-09,20.748583,6.0390593,13.39382115
2016-04-10,24.607329,7.2041353,15.90573215
2016-04-11,22.570867,8.8557936,15.713330299999999
2016-04-12,19.634898,7.9761232,13.8055106
2016-04-13,19.389426,7.8912033,13.64031465
2016-04-14,19.55631,9.6351883,14.59574915
2016-04-15,19.24165,11.701817,15.4717335
2016-04-16,20.921958,12.026198,16.474078
2016-04-17,17.262863,10.941176,14.1020195
2016-04-18,17.110355,9.5704081,13.34038155
2016-04-19,20.797035,8.5812657,14.68915035
2016-04-20,20.119329,7.2847489,13.70203895
2016-04-21,22.867203,7.9282743,15.39773865
2016-04-22,18.190374,9.4345473,13.812460649999998
2016-04-23,18.343945,9.6539762,13.9989606
2016-04-24,16.48335,7.0397831,11.761566550000001
2016-04-25,16.634658,3.9933189,10.31398845
2016-04-26,22.277091,5.5523811,13.914736049999998
2016-04-27,22.033706,7.3279332,14.6808196
2016-04-28,20.957031,8.8141654,14.8855982
2016-04-29,22.472547,8.5131991,15.49287305
2016-04-30,25.857796,9.6950955,17.77644575
2016-05-01,19.081093,9.8175909,14.44934195
2016-05-02,21.273131,10.779305,16.026218
2016-05-03,24.511084,9.5466907,17.028887349999998
2016-05-04,20.067649,9.2779544,14.6728017
2016-05-05,17.682108,8.6077066,13.1449073
2016-05-06,19.201305,7.1520426,13.1766738
2016-05-07,17.205533,6.7054384,11.9554857
2016-05-08,18.463852,6.6136814,12.5387667
2016-05-09,18.248457,7.0085522,12.6285046
2016-05-10,17.892528,7.7032742,12.797901099999999
2016-05-11,15.978805,8.1785386,12.078671799999999
2016-05-12,19.26803,6.0839107,12.67597035
2016-05-13,18.634214,8.2295107,13.43186235
2016-05-14,15.999351,6.7662912,11.382821100000001
2016-05-15,19.239576,6.1015863,12.67058115
2016-05-16,18.819469,6.8449705,12.83221975
2016-05-17,18.059855,6.7883108,12.424082899999998
2016-05-18,15.033945,6.4897408,10.7618429
2016-05-19,16.717089,6.7284988,11.722793900000001
2016-05-20,16.598736,6.6418071,11.62027155
2016-05-21,15.662754,6.0091543,10.83595415
2016-05-22,20.730409,4.2327657,12.481587350000002
2016-05-23,20.532037,7.1188304,13.8254337
2016-05-24,18.384868,5.4549425,11.91990525
2016-05-25,17.118653,4.8814371,11.000045049999999
2016-05-26,16.123487,4.5635581,10.34352255
2016-05-27,17.538705,5.6541051,11.59640505
2016-05-28,16.767015,4.0886474,10.4278312
2016-05-29,14.722874,6.1282293,10.42555165
2016-05-30,16.068515,4.7918403,10.430177650000001
2016-05-31,14.405545,4.8607807,9.63316285
2016-06-01,14.766853,3.9686786,9.367765799999999
2016-06-02,13.024892,5.4949877,9.25993985
2016-06-03,11.32645,6.4275062,8.876978099999999
2016-06-04,12.996151,4.5119299,8.75404045
2016-06-05,13.482267,3.134793,8.308530000000001
2016-06-06,14.623999,1.7603119,8.19215545
2016-06-07,17.708176,3.253489,10.480832500000002
2016-06-08,19.255702,3.1634461,11.20957405
2016-06-09,17.346232,3.5456075,10.44591975
2016-06-10,17.623907,3.4708181,10.547362549999999
2016-06-11,17.982574,3.6066889,10.79463145
2016-06-12,17.522316,5.3922371,11.45727655
2016-06-13,16.848586,6.2964342,11.5725101
2016-06-14,16.068095,4.8120611,10.44007805
2016-06-15,16.058256,3.8081898,9.9332229
2016-06-16,19.674238,3.7989554,11.7365967
2016-06-17,19.55207,4.492469,12.0222695
2016-06-18,18.262016,3.10263,10.682323
2016-06-19,15.560209,4.3465367,9.953372850000001
2016-06-20,14.979313,3.7895535,9.384433249999999
2016-06-21,17.88702,1.8878435,9.88743175
2016-06-22,16.188163,3.1268272,9.6574951
2016-06-23,13.721469,3.1549454,8.4382072
2016-06-24,12.798155,1.9371262,7.3676406
2016-06-25,12.958184,2.3179711,7.638077549999999
2016-06-26,13.682708,2.0133432,7.8480256
2016-06-27,18.027347,3.1614756,10.594411299999999
2016-06-28,18.81696,3.8286147,11.32278735
2016-06-29,15.059854,4.3405117,9.700182850000001
2016-06-30,15.136294,4.0471489,9.59172145
2016-07-01,16.084414,3.8187656,9.951589799999999
2016-07-02,11.871544,2.9438844,7.4077142
2016-07-03,11.940782,3.2992368,7.620009400000001
2016-07-04,14.604282,1.7259316,8.1651068
2016-07-05,13.940442,1.6650381,7.80274005
2016-07-06,16.1035,1.6677313,8.88561565
2016-07-07,18.621572,2.5824561,10.602014050000001
2016-07-08,14.409282,3.3248924,8.8670872
2016-07-09,14.978935,2.9446898,8.9618124
2016-07-10,12.179984,4.0352089,8.107596449999999
2016-07-11,12.068954,4.5284159,8.29868495
2016-07-12,12.389747,2.8622363,7.62599165
2016-07-13,11.117724,4.1522244,7.6349742
2016-07-14,13.807786,3.0065287,8.40715735
2016-07-15,15.415361,0.71489981,8.065130405
2016-07-16,17.729159,3.1021252,10.4156421
2016-07-17,13.793594,4.2888899,9.04124195
2016-07-18,17.077741,2.331826,9.7047835
2016-07-19,13.807473,4.647937,9.227705
2016-07-20,16.636743,2.8422629,9.73950295
2016-07-21,19.634578,4.0026541,11.818616050000001
2016-07-22,17.126618,4.5277619,10.827189950000001
2016-07-23,15.839041,5.0554301,10.44723555
2016-07-24,13.376816,5.1663122,9.271564099999999
2016-07-25,10.888349,4.0482104,7.4682797
2016-07-26,18.505169,2.17986,10.3425145
2016-07-27,19.262853,5.923141,12.592997
2016-07-28,16.935984,3.7044298,10.3202069
2016-07-29,15.944024,1.4575669,8.700795450000001
2016-07-30,14.605851,1.7126624,8.1592567
2016-07-31,14.171852,1.5613401,7.86659605
2016-08-01,18.434892,2.39695,10.415921
2016-08-02,18.183531,1.9090068,10.0462689
2016-08-03,16.068896,2.3872199,9.22805795
2016-08-04,16.185172,1.4071048,8.7961384
2016-08-05,15.709711,0.42595096,8.06783098
2016-08-06,17.946047,1.4668784,9.7064627
2016-08-07,16.699902,3.5133034,10.1066027
2016-08-08,19.764019,2.8609036,11.3124613
2016-08-09,22.381138,2.9642626,12.6727003
2016-08-10,19.079301,3.8442156,11.4617583
2016-08-11,18.744973,2.674908,10.7099405
2016-08-12,18.173337,3.9857886,11.0795628
2016-08-13,19.555318,4.1306156,11.8429668
2016-08-14,17.725889,4.53876,11.1323245
2016-08-15,22.33823,6.1833855,14.26080775
2016-08-16,16.599645,4.216012,10.407828499999999
2016-08-17,16.379035,3.0578074,9.7184212
2016-08-18,16.091344,0.79159947,8.441471735
2016-08-19,13.471206,-0.44044452,6.51538074
2016-08-20,16.131749,0.36513747,8.248443235
2016-08-21,23.539876,4.3544963,13.94718615
2016-08-22,20.895521,5.1248917,13.010206349999999
2016-08-23,18.868614,4.9435717,11.90609285
2016-08-24,14.612549,5.2394858,9.9260174
2016-08-25,16.662387,3.3712718,10.016829399999999
2016-08-26,15.737,2.7102431,9.22362155
2016-08-27,12.800001,2.2984576,7.5492293
2016-08-28,15.232648,1.9823943,8.60752115
2016-08-29,18.613624,2.2939019,10.453762950000002
2016-08-30,19.341041,2.7738073,11.057424150000001
2016-08-31,14.60159,2.0497989,8.32569445
2016-09-01,14.234454,0.19694513,7.2156995649999995
2016-09-02,15.14188,0.35085762,7.74636881
2016-09-03,16.192168,0.68760758,8.43988779
2016-09-04,15.433003,1.3758206,8.4044118
2016-09-05,18.943296,1.5983172,10.2708066
2016-09-06,23.591845,3.8638485,13.72784675
2016-09-07,23.121998,4.8912685,14.00663325
2016-09-08,23.056104,5.7110506,14.3835773
2016-09-09,25.175546,7.8270073,16.50127665
2016-09-10,21.498093,7.1802427,14.33916785
2016-09-11,16.094628,4.9701233,10.53237565
2016-09-12,14.050769,3.522702,8.7867355
2016-09-13,22.54273,4.3745492,13.4586396
2016-09-14,17.736721,5.1139874,11.4253542
2016-09-15,19.988998,4.5956713,12.292334649999999
2016-09-16,19.050973,5.77436,12.4126665
2016-09-17,18.955597,4.446574,11.701085500000001
2016-09-18,26.621317,6.7961558,16.7087364
2016-09-19,24.680856,8.2259989,16.45342745
2016-09-20,24.615031,7.9446603,16.27984565
2016-09-21,22.458263,7.8255407,15.14190185
2016-09-22,25.000837,7.249651,16.125244000000002
2016-09-23,21.391868,6.9126908,14.1522794
2016-09-24,22.483324,6.2619074,14.3726157
2016-09-25,20.679303,6.0603084,13.3698057
2016-09-26,23.181401,6.1963628,14.6888819
2016-09-27,21.945774,6.4800602,14.2129171
2016-09-28,18.485162,7.4794056,12.9822838
2016-09-29,15.591951,5.7228847,10.65741785
2016-09-30,20.774236,4.0123267,12.393281349999999
2016-10-01,20.369828,5.5769378,12.973382899999999
2016-10-02,23.7842,6.4542132,15.119206599999998
2016-10-03,21.898244,6.4033501,14.15079705
2016-10-04,21.725485,6.1522325,13.93885875
2016-10-05,25.220849,7.868391,16.544620000000002
2016-10-06,23.915525,8.10155,16.0085375
2016-10-07,21.68241,5.979807,13.831108500000001
2016-10-08,23.287295,6.5914601,14.93937755
2016-10-09,23.290309,7.0567154,15.173512200000001
2016-10-10,23.062796,6.1643521,14.61357405
2016-10-11,22.809496,7.6806001,15.24504805
2016-10-12,18.062978,8.3016747,13.18232635
2016-10-13,20.931057,7.0009624,13.966009699999999
2016-10-14,20.165759,7.6263886,13.8960738
2016-10-15,16.751244,7.3541235,12.05268375
2016-10-16,14.773881,6.2793117,10.52659635
2016-10-17,15.473774,5.252654,10.363214
2016-10-18,13.905281,4.2679031,9.08659205
2016-10-19,17.192331,3.3938557,10.29309335
2016-10-20,22.613639,5.2932244,13.9534317
2016-10-21,24.212667,7.4041243,15.80839565
2016-10-22,18.321927,7.2231604,12.7725437
2016-10-23,17.363086,6.1190805,11.741083249999999
2016-10-24,19.685868,4.4639388,12.0749034
2016-10-25,23.696916,5.9364487,14.81668235
2016-10-26,28.176094,9.7576328,18.9668634
2016-10-27,26.298538,10.772675,18.5356065
2016-10-28,21.726121,9.4063547,15.56623785
2016-10-29,22.577157,9.2067859,15.89197145
2016-10-30,20.363557,8.8801727,14.62186485
2016-10-31,19.68175,5.2269466,12.4543483
2016-11-01,20.914948,5.5655711,13.24025955
2016-11-02,25.289603,8.1926469,16.74112495
2016-11-03,31.487187,11.097238,21.292212499999998
2016-11-04,29.969807,12.97135,21.4705785
2016-11-05,27.965183,12.176425,20.070804
2016-11-06,26.683196,11.090281,18.8867385
2016-11-07,27.758053,10.622594,19.190323499999998
2016-11-08,24.635769,9.7668386,17.201303799999998
2016-11-09,27.090524,10.011448,18.550985999999998
2016-11-10,27.743454,10.526087,19.134770500000002
2016-11-11,26.778503,10.485811,18.632157
2016-11-12,25.008883,9.174077,17.09148
2016-11-13,24.71088,8.8949476,16.8029138
2016-11-14,25.18776,8.3840472,16.7859036
2016-11-15,25.50356,9.0088721,17.25621605
2016-11-16,26.632842,9.835275,18.2340585
2016-11-17,32.747552,11.517272,22.132412
2016-11-18,26.549267,11.363114,18.956190499999998
2016-11-19,23.725511,9.325272,16.5253915
2016-11-20,22.732449,8.1293475,15.430898249999998
2016-11-21,23.47159,7.9639689,15.71777945
2016-11-22,21.777482,8.781615,15.2795485
2016-11-23,20.67819,9.737325,15.2077575
2016-11-24,25.815345,9.2780744,17.5467097
2016-11-25,20.193503,9.3956687,14.79458585
2016-11-26,23.662783,8.4658901,16.06433655
2016-11-27,23.613078,8.6918041,16.15244105
2016-11-28,30.528552,10.482218,20.505385
2016-11-29,29.674292,12.353544,21.013918
2016-11-30,26.551156,10.835908,18.693531999999998
2016-12-01,26.878457,10.863422,18.8709395
2016-12-02,25.896103,11.300073,18.598088
2016-12-03,24.776448,10.99594,17.886194
2016-12-04,21.010604,10.321451,15.6660275
2016-12-05,25.427622,9.5934645,17.510543249999998
2016-12-06,26.359235,10.088585,18.22391
2016-12-07,24.361913,9.4591541,16.91053355
2016-12-08,23.892436,9.5222913,16.707363649999998
2016-12-09,20.84759,9.8810289,15.36430945
2016-12-10,25.237431,9.9504,17.5939155
2016-12-11,28.540376,12.478718,20.509546999999998
2016-12-12,27.49974,11.579811,19.539775499999998
2016-12-13,30.939796,12.314955,21.6273755
2016-12-14,31.24865,13.369327,22.3089885
2016-12-15,27.138571,12.178764,19.6586675
2016-12-16,26.494044,11.615768,19.054906
2016-12-17,25.457283,10.393786,17.9255345
2016-12-18,28.794611,11.162496,19.9785535
2016-12-19,27.931514,12.200295,20.065904500000002
2016-12-20,27.206486,11.319118,19.262802
2016-12-21,26.990701,10.840623,18.915662
2016-12-22,26.147208,10.386696,18.266952
2016-12-23,25.921125,10.371203,18.146164
2016-12-24,25.458308,9.9701772,17.7142426
2016-12-25,22.537324,8.8549489,15.696136450000001
2016-12-26,22.021603,9.2992463,15.66042465
2016-12-27,29.790933,10.465491,20.128211999999998
2016-12-28,28.090274,12.249302,20.169788
2016-12-29,25.552589,11.496739,18.524664
2016-12-30,26.421744,11.272053,18.8468985
2016-12-31,25.721842,10.971092,18.346467
2017-01-01,28.931146,12.022989,20.4770675
2017-01-02,29.000551,12.650436,20.8254935
2017-01-03,29.035423,11.51753,20.2764765
2017-01-04,28.852841,11.218139,20.035490000000003
2017-01-05,28.748009,12.106051,20.427030000000002
2017-01-06,27.933916,11.459601,19.6967585
2017-01-07,27.902926,12.319056,20.110991
2017-01-08,28.171861,12.280619,20.22624
2017-01-09,28.437149,12.440812,20.4389805
2017-01-10,28.126879,12.156046,20.1414625
2017-01-11,30.164613,12.72427,21.4444415
2017-01-12,30.432247,13.772523,22.102384999999998
2017-01-13,32.475894,15.067648,23.771770999999998
2017-01-14,28.092446,13.062359,20.577402499999998
2017-01-15,28.673692,11.692228,20.18296
2017-01-16,27.769703,12.154687,19.962195
2017-01-17,32.828621,14.238502,23.533561499999998
2017-01-18,31.124119,14.09622,22.6101695
2017-01-19,31.664874,14.042974,22.853924
2017-01-20,33.336975,15.197851,24.267413
2017-01-21,30.292517,14.37966,22.3360885
2017-01-22,27.440748,13.123587,20.2821675
2017-01-23,28.682977,12.994819,20.838898
2017-01-24,32.838959,14.247244,23.543101500000002
2017-01-25,32.217282,14.916515,23.5668985
2017-01-26,28.443622,14.988536,21.716079
2017-01-27,28.693595,14.907485,21.800539999999998
2017-01-28,27.365062,14.479151,20.9221065
2017-01-29,28.626204,14.277453,21.4518285
2017-01-30,31.774269,14.378431,23.07635
2017-01-31,29.064284,13.255494,21.159889
2017-02-01,28.617919,12.232963,20.425441
2017-02-02,26.639916,11.332343,18.9861295
2017-02-03,24.599542,10.361327,17.4804345
2017-02-04,26.205395,11.20265,18.7040225
2017-02-05,30.56934,12.134491,21.3519155
2017-02-06,27.92268,11.768869,19.8457745
2017-02-07,26.627069,11.494015,19.060541999999998
2017-02-08,25.683155,10.01817,17.8506625
2017-02-09,27.202172,9.8596923,18.53093215
2017-02-10,26.925579,11.180933,19.053255999999998
2017-02-11,27.98057,11.036679,19.5086245
2017-02-12,29.274977,11.733232,20.5041045
2017-02-13,27.077555,12.07938,19.578467500000002
2017-02-14,26.156407,11.473697,18.815052
2017-02-15,27.464648,11.479348,19.471998
2017-02-16,26.572402,10.692474,18.632438
2017-02-17,25.19257,11.119237,18.1559035
2017-02-18,27.853881,10.674836,19.2643585
2017-02-19,28.987235,12.018412,20.502823499999998
2017-02-20,29.529726,12.965818,21.247772
2017-02-21,29.443722,13.547967,21.4958445
2017-02-22,27.047938,13.997519,20.5227285
2017-02-23,26.850143,13.442864,20.1465035
2017-02-24,27.630892,14.244692,20.937792
2017-02-25,27.432327,14.130956,20.7816415
2017-02-26,28.049438,13.656636,20.853037
2017-02-27,27.217638,13.576562,20.397100000000002
2017-02-28,27.899267,13.068867,20.484067
2017-03-01,27.104559,12.72888,19.9167195
2017-03-02,26.546064,12.684409,19.6152365
2017-03-03,25.593532,12.162255,18.8778935
2017-03-04,26.232083,10.368197,18.30014
2017-03-05,27.965925,11.281684,19.6238045
2017-03-06,29.797749,11.970297,20.884023
2017-03-07,26.573058,12.033549,19.3033035
2017-03-08,25.266071,9.9885081,17.62728955
2017-03-09,25.91758,9.5727975,17.74518875
2017-03-10,26.446873,9.5949127,18.02089285
2017-03-11,27.049907,9.0298054,18.039856200000003
2017-03-12,32.391851,11.790379,22.091115000000002
2017-03-13,25.700343,10.469539,18.084941
2017-03-14,22.894299,9.858156,16.3762275
2017-03-15,26.231199,9.827668,18.0294335
2017-03-16,24.845459,9.9615484,17.4035037
2017-03-17,25.751219,9.9509006,17.8510598
2017-03-18,26.956947,10.640448,18.7986975
2017-03-19,24.8425,10.41219,17.627345000000002
2017-03-20,25.052771,9.9914437,17.52210735
2017-03-21,25.234552,9.7485011,17.49152655
2017-03-22,24.961044,9.4387171,17.19988055
2017-03-23,22.920585,9.8317055,16.37614525
2017-03-24,21.119521,9.8405168,15.4800189
2017-03-25,22.70403,9.700013,16.2020215
2017-03-26,23.702555,9.1801908,16.4413729
2017-03-27,24.772451,9.6335087,17.20297985
2017-03-28,24.008468,9.3475998,16.6780339
2017-03-29,21.509142,9.0276664,15.268404199999999
2017-03-30,23.355878,8.2643996,15.8101388
2017-03-31,26.867585,8.4720725,17.66982875
2017-04-01,19.70365,7.793855,13.7487525
2017-04-02,23.941059,7.8317064,15.886382699999999
2017-04-03,23.245067,8.6311333,15.93810015
2017-04-04,21.499384,8.2488126,14.8740983
2017-04-05,25.679723,8.3183207,16.99902185
2017-04-06,23.176739,8.2269654,15.701852200000001
2017-04-07,18.428347,8.0093406,13.218843799999998
2017-04-08,19.291288,5.3896682,12.3404781
2017-04-09,21.996783,5.7109175,13.85385025
2017-04-10,26.136813,7.0862528,16.6115329
2017-04-11,26.334946,9.1853123,17.760129149999997
2017-04-12,23.311849,8.2916447,15.80174685
2017-04-13,20.689676,8.0812378,14.3854569
2017-04-14,20.375275,7.9338609,14.154567949999999
2017-04-15,21.647134,8.2085009,14.927817450000001
2017-04-16,21.205513,9.2568029,15.23115795
2017-04-17,20.698438,6.9850055,13.84172175
2017-04-18,21.205051,7.8125921,14.50882155
2017-04-19,21.06803,7.7984496,14.433239799999999
2017-04-20,19.071125,10.200826,14.635975499999999
2017-04-21,22.782917,8.5180303,15.65047365
2017-04-22,23.632649,8.2896589,15.96115395
2017-04-23,21.467725,7.54215,14.5049375
2017-04-24,19.886311,5.8121524,12.8492317
2017-04-25,19.051427,5.6220759,12.33675145
2017-04-26,23.250997,5.6385328,14.444764900000001
2017-04-27,25.523564,5.9775396,15.7505518
2017-04-28,26.835678,7.1303917,16.98303485
2017-04-29,27.306062,7.4028136,17.3544378
2017-04-30,24.462308,7.1316932,15.7970006
2017-05-01,21.101014,6.619228,13.860121
2017-05-02,19.125845,5.5958817,12.36086335
2017-05-03,23.678925,6.555301,15.117113
2017-05-04,22.740953,6.121531,14.431242000000001
2017-05-05,20.276548,5.7204829,12.99851545
2017-05-06,15.300462,5.958585,10.6295235
2017-05-07,14.479004,6.79028,10.634642
2017-05-08,19.437145,6.7644345,13.10078975
2017-05-09,18.513365,7.0708665,12.79211575
2017-05-10,14.799888,7.5423833,11.17113565
2017-05-11,15.183621,8.5670796,11.875350300000001
2017-05-12,17.325255,8.2682304,12.7967427
2017-05-13,19.132899,8.3014905,13.717194749999999
2017-05-14,15.959207,7.8150552,11.8871311
2017-05-15,18.629591,6.45514,12.5423655
2017-05-16,15.015539,6.1424213,10.57898015
2017-05-17,14.699701,5.9776587,10.33867985
2017-05-18,11.687972,4.9027387,8.29535535
2017-05-19,15.611754,2.9300143,9.27088415
2017-05-20,17.592192,3.2171167,10.404654350000001
2017-05-21,18.076198,4.5940599,11.335128950000001
2017-05-22,14.672732,5.3650708,10.0189014
2017-05-23,13.479925,5.3823767,9.43115085
2017-05-24,13.545362,5.3506714,9.4480167
2017-05-25,14.494703,5.1487157,9.821709349999999
2017-05-26,17.184557,4.3992749,10.79191595
2017-05-27,16.546884,4.7985761,10.672730049999998
2017-05-28,14.519764,3.7346367,9.12720035
2017-05-29,14.797535,4.4150072,9.6062711
2017-05-30,17.031081,4.3946285,10.71285475
2017-05-31,18.326003,4.3810503,11.35352665
2017-06-01,17.674231,3.9278725,10.80105175
2017-06-02,15.327358,2.9371641,9.13226105
2017-06-03,14.654594,1.9339994,8.2942967
2017-06-04,14.311644,0.95046499,7.631054495
2017-06-05,14.191963,1.7452257,7.96859435
2017-06-06,16.437717,0.37242658,8.40507179
2017-06-07,11.448987,1.79651,6.6227485
2017-06-08,13.696952,3.6735175,8.68523475
2017-06-09,17.281746,3.8396673,10.560706649999998
2017-06-10,20.684412,5.0580171,12.87121455
2017-06-11,18.703933,3.5878531,11.14589305
2017-06-12,17.841582,2.727967,10.2847745
2017-06-13,16.210598,4.3459308,10.278264400000001
2017-06-14,14.49981,4.5181981,9.50900405
2017-06-15,14.37664,3.6110221,8.99383105
2017-06-16,13.842351,6.1737117,10.00803135
2017-06-17,11.071215,3.1396072,7.1054111
2017-06-18,14.245553,1.5924759,7.91901445
2017-06-19,18.550793,2.3331383,10.44196565
2017-06-20,15.792104,5.0868484,10.4394762
2017-06-21,14.574965,4.5353444,9.5551547
2017-06-22,11.832152,6.2051915,9.01867175
2017-06-23,14.921025,5.8484901,10.38475755
2017-06-24,14.305047,6.7275479,10.51629745
2017-06-25,14.742766,6.5573332,10.6500496
2017-06-26,12.075514,6.1428433,9.10917865
2017-06-27,15.258287,4.448357,9.853321999999999
2017-06-28,15.783897,3.3930558,9.5884764
2017-06-29,17.7752,3.3727318,10.573965900000001
2017-06-30,20.719196,5.1895094,12.954352700000001
2017-07-01,21.324769,5.2669283,13.29584865
2017-07-02,20.01231,4.853153,12.4327315
2017-07-03,12.422123,5.8493111,9.13571705
2017-07-04,10.081112,2.8717475,6.476429749999999
2017-07-05,11.863689,1.4348845,6.64928675
2017-07-06,15.78717,2.4315136,9.1093418
2017-07-07,17.09232,4.1605807,10.62645035
2017-07-08,16.91131,4.2691027,10.59020635
2017-07-09,16.184509,3.5217543,9.85313165
2017-07-10,17.168513,3.6163939,10.39245345
2017-07-11,18.626457,2.1093833,10.36792015
2017-07-12,14.581697,3.622108,9.1019025
2017-07-13,12.017442,3.7156018,7.8665219
2017-07-14,12.671038,1.6991234,7.185080699999999
2017-07-15,8.4465741,-0.98178881,3.7323926449999996
2017-07-16,9.1493242,-3.1917626,2.9787808
2017-07-17,16.774676,-0.20984808,8.28241396
2017-07-18,19.528775,1.2911595,10.40996725
2017-07-19,20.786231,2.8552982,11.8207646
2017-07-20,21.867508,3.9119424,12.8897252
2017-07-21,18.820731,3.9450832,11.382907099999999
2017-07-22,13.013515,4.3528423,8.68317865
2017-07-23,11.792687,3.4342177,7.61345235
2017-07-24,14.831158,3.1588111,8.99498455
2017-07-25,15.518887,1.5721003,8.54549365
2017-07-26,18.729725,2.1397811,10.43475305
2017-07-27,16.243918,1.9185077,9.08121285
2017-07-28,15.396588,0.75145667,8.074022335
2017-07-29,14.497537,2.3721967,8.434866849999999
2017-07-30,16.292596,-0.13299218,8.07980191
2017-07-31,16.94864,2.2713156,9.609977800000001
2017-08-01,11.117213,2.1105214,6.6138672
2017-08-02,17.577395,1.317845,9.447619999999999
2017-08-03,17.238906,2.0885095,9.66370775
2017-08-04,15.017815,2.971121,8.994468000000001
2017-08-05,12.734945,2.6093391,7.67214205
2017-08-06,14.44783,2.0931239,8.270476949999999
2017-08-07,12.788023,2.5601727,7.674097850000001
2017-08-08,19.145744,1.978959,10.5623515
2017-08-09,13.486055,3.6114712,8.5487631
2017-08-10,11.529168,3.8032759,7.666221950000001
2017-08-11,10.691315,2.2014163,6.44636565
2017-08-12,12.058766,-0.023366664,6.017699668000001
2017-08-13,11.158668,2.1012134,6.629940700000001
2017-08-14,16.76021,1.6520249,9.20611745
2017-08-15,15.979325,2.7512229,9.365273949999999
2017-08-16,19.931174,2.1324029,11.031788449999999
2017-08-17,19.129031,3.3668169,11.24792395
2017-08-18,14.144231,3.8939848,9.0191079
2017-08-19,14.850567,2.7952576,8.8229123
2017-08-20,19.314984,1.8226708,10.5688274
2017-08-21,21.979312,3.9027768,12.9410444
2017-08-22,14.797095,4.0982304,9.4476627
2017-08-23,13.915689,2.644274,8.2799815
2017-08-24,13.042419,2.8762089,7.95931395
2017-08-25,14.777498,1.9235907,8.35054435
2017-08-26,13.732008,2.9675933,8.34980065
2017-08-27,13.056178,2.9567031,8.006440549999999
2017-08-28,11.832448,2.019761,6.926104499999999
2017-08-29,14.885759,1.3133423,8.09955065
2017-08-30,18.910601,3.2639644,11.0872827
2017-08-31,18.826908,2.2492145,10.53806125
2017-09-01,15.404915,4.0004594,9.7026872
2017-09-02,15.706848,2.8912974,9.2990727
2017-09-03,13.35259,2.6717583,8.01217415
2017-09-04,17.272951,1.7511711,9.51206105
2017-09-05,17.147669,3.8567686,10.5022188
2017-09-06,16.168359,1.7623894,8.9653742
2017-09-07,15.74015,1.9503333,8.84524165
2017-09-08,12.198314,3.3220294,7.7601717
2017-09-09,10.482999,3.5956288,7.0393139
2017-09-10,11.879226,2.1801826,7.0297043
2017-09-11,14.544715,2.2605894,8.4026522
2017-09-12,13.887952,3.5090834,8.6985177
2017-09-13,14.776127,4.3402906,9.558208800000001
2017-09-14,15.680486,3.3778419,9.529163950000001
2017-09-15,21.736989,4.322253,13.029621
2017-09-16,26.162162,5.9012641,16.03171305
2017-09-17,21.95766,6.5400912,14.2488756
2017-09-18,18.49701,6.847908,12.672459
2017-09-19,11.793309,5.559077,8.676193000000001
2017-09-20,16.984508,3.6900901,10.33729905
2017-09-21,21.002271,4.653415,12.827843
2017-09-22,24.675488,6.1668707,15.421179350000001
2017-09-23,23.89114,6.8064146,15.3487773
2017-09-24,19.048195,6.8531556,12.9506753
2017-09-25,22.245914,6.3573475,14.30163075
2017-09-26,21.20657,7.3223366,14.2644533
2017-09-27,20.599748,6.9943578,13.7970529
2017-09-28,20.749641,7.3257373,14.03768915
2017-09-29,20.071667,6.9636225,13.51764475
2017-09-30,12.413032,5.8633992,9.138215599999999
2017-10-01,15.691701,3.6321391,9.661920049999999
2017-10-02,18.874404,3.3242096,11.099306799999999
2017-10-03,23.165818,5.513125,14.3394715
2017-10-04,16.035414,6.9672403,11.50132715
2017-10-05,16.108111,5.2305553,10.66933315
2017-10-06,23.226099,6.3232917,14.774695350000002
2017-10-07,15.263574,7.0363513,11.149962649999999
2017-10-08,18.482071,5.1002415,11.79115625
2017-10-09,18.902603,5.2825585,12.09258075
2017-10-10,16.04563,4.5321268,10.2888784
2017-10-11,14.047098,2.7486211,8.39785955
2017-10-12,16.475324,3.3507718,9.9130479
2017-10-13,21.594655,4.5854986,13.0900768
2017-10-14,24.126515,6.881124,15.5038195
2017-10-15,21.669366,7.7524223,14.71089415
2017-10-16,17.453574,6.6722617,12.06291785
2017-10-17,20.480046,6.0911798,13.2856129
2017-10-18,20.792288,6.6007755,13.69653175
2017-10-19,25.213841,7.5198039,16.36682245
2017-10-20,18.466223,8.1486622,13.3074426
2017-10-21,25.867207,6.8223086,16.3447578
2017-10-22,25.118885,8.3463943,16.73263965
2017-10-23,23.434043,7.8113716,15.6227073
2017-10-24,22.10709,6.9457296,14.5264098
2017-10-25,21.462805,6.7378149,14.10030995
2017-10-26,19.10346,6.6433053,12.87338265
2017-10-27,23.614048,6.891404,15.252726
2017-10-28,17.6888,5.6051173,11.64695865
2017-10-29,16.848518,5.2453287,11.04692335
2017-10-30,21.551293,4.4790058,13.0151494
2017-10-31,19.989295,4.643705,12.3165
2017-11-01,18.043133,6.1434089,12.09327095
2017-11-02,15.422128,7.325459,11.373793500000001
2017-11-03,20.49322,6.6840978,13.5886589
2017-11-04,20.944503,7.5179543,14.23122865
2017-11-05,25.140989,8.1459524,16.6434707
2017-11-06,20.874926,9.475524,15.175225
2017-11-07,21.741726,9.1405518,15.4411389
2017-11-08,24.229981,9.054523,16.642252
2017-11-09,26.327132,9.0943632,17.710747599999998
2017-11-10,30.55984,11.290132,20.924986
2017-11-11,29.382284,11.849629,20.6159565
2017-11-12,26.338262,11.239794,18.789028000000002
2017-11-13,25.007502,10.082246,17.544874
2017-11-14,23.625605,9.6422751,16.63394005
2017-11-15,23.345286,7.983963,15.6646245
2017-11-16,25.388556,8.6199323,17.00424415
2017-11-17,24.926951,8.1850329,16.55599195
2017-11-18,24.87907,8.1450152,16.5120426
2017-11-19,25.937431,9.2434434,17.5904372
2017-11-20,22.402308,7.4192961,14.910802050000001
2017-11-21,28.043912,8.7523736,18.3981428
2017-11-22,28.794009,10.601312,19.697660499999998
2017-11-23,26.208014,10.481373,18.344693499999998
2017-11-24,23.138772,8.0964011,15.617586549999999
2017-11-25,27.922543,9.751064,18.836803500000002
2017-11-26,24.686156,9.9668649,17.32651045
2017-11-27,24.780854,9.6510238,17.2159389
2017-11-28,22.265347,8.9149301,15.590138549999999
2017-11-29,23.295556,8.3745072,15.8350316
2017-11-30,23.911187,9.4600395,16.685613250000003
2017-12-01,22.473211,9.520838,15.997024499999998
2017-12-02,21.253881,8.8765761,15.06522855
2017-12-03,23.273893,9.0485942,16.1612436
2017-12-04,23.622028,8.9635509,16.29278945
2017-12-05,23.679898,9.5502649,16.61508145
2017-12-06,24.654688,9.6282312,17.1414596
2017-12-07,25.445464,10.027806,17.736635
2017-12-08,24.507153,9.5462552,17.0267041
2017-12-09,28.052136,10.334998,19.193567
2017-12-10,27.056162,12.420076,19.738119
2017-12-11,23.024111,10.855068,16.9395895
2017-12-12,21.302742,10.190911,15.7468265
2017-12-13,25.38366,10.351867,17.8677635
2017-12-14,29.818776,12.015719,20.917247500000002
2017-12-15,30.331724,13.369371,21.8505475
2017-12-16,24.777395,11.479027,18.128211
2017-12-17,28.0271,11.45814,19.742620000000002
2017-12-18,25.323813,11.951268,18.6375405
2017-12-19,27.527058,11.35651,19.441784
2017-12-20,26.665591,11.978926,19.3222585
2017-12-21,27.008739,12.122902,19.5658205
2017-12-22,27.231783,11.13252,19.1821515
2017-12-23,26.242481,10.817126,18.5298035
2017-12-24,27.684333,10.987325,19.335829
2017-12-25,27.31049,11.853756,19.582123000000003
2017-12-26,26.308499,11.279909,18.794204
2017-12-27,27.71139,12.035936,19.873663
2017-12-28,28.821841,12.525145,20.673493
2017-12-29,28.087022,12.853323,20.4701725
2017-12-30,26.832962,11.703899,19.2684305
2017-12-31,24.921127,11.45214,18.1866335
2018-01-01,25.657889,10.691076,18.1744825
2018-01-02,26.993921,11.181859,19.08789
2018-01-03,28.648483,11.836196,20.2423395
2018-01-04,28.109974,12.173757,20.1418655
2018-01-05,27.932347,12.339101,20.135724
2018-01-06,31.245655,13.31586,22.2807575
2018-01-07,26.252352,12.162145,19.2072485
2018-01-08,25.334639,12.098491,18.716565
2018-01-09,25.925845,11.889635,18.90774
2018-01-10,26.462258,12.493992,19.478125
2018-01-11,26.049253,11.984456,19.0168545
2018-01-12,24.949207,11.315975,18.132591
2018-01-13,24.74881,12.2708,18.509805
2018-01-14,24.575476,11.85399,18.214733
2018-01-15,24.586009,11.431741,18.008875
2018-01-16,25.664321,10.224067,17.944194
2018-01-17,28.387738,11.284298,19.836018
2018-01-18,28.777851,12.342766,20.560308499999998
2018-01-19,26.668463,12.780461,19.724462
2018-01-20,25.437895,12.146295,18.792095
2018-01-21,25.565358,11.519597,18.5424775
2018-01-22,25.577854,11.295487,18.436670499999998
2018-01-23,25.863371,11.433416,18.6483935
2018-01-24,27.041347,11.646111,19.343729
2018-01-25,26.649142,11.199752,18.924447
2018-01-26,25.808035,10.02295,17.9154925
2018-01-27,29.567905,11.111825,20.339865
2018-01-28,30.90049,13.197907,22.049198500000003
2018-01-29,26.708627,11.625205,19.166916
2018-01-30,26.892885,10.065977,18.479430999999998
2018-01-31,28.885668,12.24204,20.563854
2018-02-01,27.499895,11.965691,19.732793
2018-02-02,25.412861,11.838883,18.625872
2018-02-03,25.829012,12.123191,18.9761015
2018-02-04,26.485888,12.155861,19.3208745
2018-02-05,25.586704,12.64868,19.117692
2018-02-06,25.964895,12.592157,19.278526
2018-02-07,25.371448,11.997482,18.684465
2018-02-08,25.764967,11.397766,18.5813665
2018-02-09,28.620055,12.206243,20.413149
2018-02-10,29.571495,11.899722,20.735608499999998
2018-02-11,29.164942,11.080054,20.122498
2018-02-12,29.59005,11.947533,20.7687915
2018-02-13,26.97905,11.960775,19.4699125
2018-02-14,25.827236,11.201172,18.514204
2018-02-15,26.147153,11.227197,18.687175
2018-02-16,27.176814,11.678216,19.427515
2018-02-17,26.91312,11.712092,19.312606
2018-02-18,26.674335,11.630971,19.152653
2018-02-19,25.51309,11.455307,18.484198499999998
2018-02-20,28.615515,11.676882,20.1461985
2018-02-21,27.767166,12.499697,20.1334315
2018-02-22,27.135539,11.914485,19.525012
2018-02-23,25.85493,11.370682,18.612806
2018-02-24,25.762563,10.715293,18.238928
2018-02-25,25.868642,10.271589,18.0701155
2018-02-26,25.181569,10.332833,17.757201000000002
2018-02-27,24.022676,10.381637,17.2021565
2018-02-28,24.985834,10.12145,17.553642
2018-03-01,26.514735,10.5908,18.5527675
2018-03-02,26.549918,10.952408,18.751163000000002
2018-03-03,24.012607,10.512969,17.262788
2018-03-04,26.768246,10.22575,18.496998
2018-03-05,27.558916,11.474759,19.5168375
2018-03-06,25.287788,10.795214,18.041501
2018-03-07,23.843972,10.533909,17.1889405
2018-03-08,24.53219,10.241761,17.3869755
2018-03-09,24.344377,9.9388119,17.14159445
2018-03-10,24.917632,10.034933,17.4762825
2018-03-11,28.498566,10.71475,19.606658
2018-03-12,27.744233,10.427628,19.0859305
2018-03-13,25.672878,9.6532551,17.66306655
2018-03-14,25.134797,8.1365616,16.6356793
2018-03-15,26.067238,9.2955935,17.68141575
2018-03-16,24.048145,7.9300953,15.989120150000002
2018-03-17,22.652929,7.5756682,15.1142986
2018-03-18,24.557155,9.302913,16.930034
2018-03-19,22.789323,8.2288231,15.50907305
2018-03-20,25.542541,8.348094,16.9453175
2018-03-21,22.679928,8.9570443,15.81848615
2018-03-22,24.495151,7.8431697,16.16916035
2018-03-23,24.482134,8.6641465,16.573140249999998
2018-03-24,27.762083,9.8420423,18.80206265
2018-03-25,29.898309,10.51554,20.2069245
2018-03-26,24.341203,9.3000478,16.8206254
2018-03-27,25.903721,9.0443726,17.4740468
2018-03-28,24.982919,9.1172186,17.0500688
2018-03-29,28.340091,10.350898,19.3454945
2018-03-30,27.392911,10.932196,19.1625535
2018-03-31,22.205936,9.4098567,15.80789635
2018-04-01,23.151277,7.9505457,15.55091135
2018-04-02,22.555558,8.3546732,15.455115600000001
2018-04-03,23.561342,8.4708265,16.01608425
2018-04-04,23.392606,8.2875392,15.8400726
2018-04-05,23.1518,8.2925063,15.72215315
2018-04-06,20.385321,8.1965464,14.2909337
2018-04-07,21.969325,7.3297508,14.6495379
2018-04-08,21.850768,7.3338029,14.592285449999999
2018-04-09,19.928281,7.2515317,13.58990635
2018-04-10,19.438838,7.7211569,13.57999745
2018-04-11,20.377868,8.589499,14.4836835
2018-04-12,23.138043,7.2932943,15.21566865
2018-04-13,20.894204,6.9790015,13.936602749999999
2018-04-14,22.618343,6.5615558,14.5899494
2018-04-15,23.130325,7.4751058,15.3027154
2018-04-16,22.292365,8.0068091,15.149587050000001
2018-04-17,22.461414,8.444498,15.452956
2018-04-18,21.562288,7.0992075,14.33074775
2018-04-19,23.464109,6.3467625,14.90543575
2018-04-20,22.150336,7.1234393,14.63688765
2018-04-21,22.725804,7.2194918,14.9726479
2018-04-22,22.409276,7.0843318,14.7468039
2018-04-23,20.242791,7.3346919,13.78874145
2018-04-24,20.414865,6.3395954,13.3772302
2018-04-25,23.166272,6.6369544,14.9016132
2018-04-26,19.971931,6.1318148,13.051872900000001
2018-04-27,21.830741,5.8214395,13.82609025
2018-04-28,21.823611,7.5437396,14.6836753
2018-04-29,18.678679,5.654701,12.16669
2018-04-30,20.70026,5.6392561,13.16975805
2018-05-01,20.310995,4.1858757,12.24843535
2018-05-02,19.762963,5.126268,12.4446155
2018-05-03,21.613428,5.7149904,13.664209199999998
2018-05-04,22.239919,6.0066893,14.12330415
2018-05-05,20.238107,6.4436662,13.3408866
2018-05-06,18.292072,5.3828178,11.837444900000001
2018-05-07,17.821497,5.822739,11.822118
2018-05-08,17.667615,5.325862,11.496738500000001
2018-05-09,16.452476,5.4066368,10.929556400000001
2018-05-10,18.013946,4.9529266,11.483436300000001
2018-05-11,23.47751,6.4680998,14.9728049
2018-05-12,20.115719,5.9422271,13.02897305
2018-05-13,16.104918,5.6402644,10.8725912
2018-05-14,16.617205,4.831368,10.7242865
2018-05-15,18.342784,6.4711209,12.40695245
2018-05-16,19.474978,6.2475057,12.861241849999999
2018-05-17,18.664107,4.1914371,11.427772050000002
2018-05-18,20.544458,4.6509955,12.59772675
2018-05-19,23.463539,5.1146403,14.289089650000001
2018-05-20,22.502583,5.3117167,13.90714985
2018-05-21,18.36592,4.1581941,11.26205705
2018-05-22,19.7998,4.3361391,12.06796955
2018-05-23,20.393854,4.2952695,12.34456175
2018-05-24,21.526043,4.5898552,13.0579491
2018-05-25,20.025584,4.7869639,12.40627395
2018-05-26,15.987576,3.2007661,9.59417105
2018-05-27,17.183436,2.9213767,10.05240635
2018-05-28,14.189155,5.2321876,9.7106713
2018-05-29,13.171621,6.9884389,10.08002995
2018-05-30,14.1193,5.5916512,9.8554756
2018-05-31,12.492663,2.6080879,7.550375450000001
2018-06-01,13.691446,1.4415429,7.5664944499999995
2018-06-02,14.495553,0.71003342,7.60279321
2018-06-03,13.12878,1.3466445,7.23771225
2018-06-04,14.781732,1.2176069,7.99966945
2018-06-05,14.88028,2.2533162,8.5667981
2018-06-06,18.451906,3.4573114,10.954608700000001
2018-06-07,20.662767,3.7880708,12.2254189
2018-06-08,19.090295,4.8564691,11.973382050000001
2018-06-09,13.142955,5.1772058,9.1600804
2018-06-10,12.30495,3.6584899,7.9817199500000005
2018-06-11,8.8612782,1.2187072,5.0399927
2018-06-12,11.261454,-2.414946,4.423254
2018-06-13,13.476602,-1.3317268,6.0724376
2018-06-14,15.001162,1.3126838,8.1569229
2018-06-15,16.88612,3.9838307,10.434975349999998
2018-06-16,20.153918,3.9082015,12.03105975
2018-06-17,20.864569,4.5239795,12.69427425
2018-06-18,21.416371,5.2041054,13.3102382
2018-06-19,16.967266,4.7174395,10.84235275
2018-06-20,17.179412,3.5988725,10.389142249999999
2018-06-21,17.891342,4.1045242,10.997933100000001
2018-06-22,15.541402,3.3182229,9.42981245
2018-06-23,13.55115,2.4469508,7.9990504
2018-06-24,13.39281,3.5686599,8.48073495
2018-06-25,15.378583,2.3991263,8.88885465
2018-06-26,16.517952,2.8068038,9.662377900000001
2018-06-27,19.882762,4.7758885,12.32932525
2018-06-28,14.601453,3.8067777,9.20411535
2018-06-29,16.80511,4.6431128,10.7241114
2018-06-30,14.029554,3.0504923,8.54002315
2018-07-01,11.694847,4.0249035,7.85987525
2018-07-02,15.287135,3.883086,9.585110499999999
2018-07-03,14.081382,4.1681121,9.12474705
2018-07-04,12.745162,4.8351626,8.7901623
2018-07-05,12.653008,5.240306,8.946657
2018-07-06,12.506869,5.3831753,8.94502215
2018-07-07,16.26319,3.8674635,10.06532675
2018-07-08,18.687973,4.8962723,11.79212265
2018-07-09,20.162558,4.2764028,12.2194804
2018-07-10,16.1136,3.9556069,10.03460345
2018-07-11,16.374094,3.4593751,9.91673455
2018-07-12,17.970307,3.6116738,10.790990399999998
2018-07-13,20.731008,5.1812644,12.9561362
2018-07-14,16.178394,4.4360659,10.30722995
2018-07-15,15.003563,3.7366902,9.370126599999999
2018-07-16,15.417809,3.0983178,9.2580634
2018-07-17,10.749536,2.6762876,6.7129118000000005
2018-07-18,9.9956675,-0.47053482,4.76256634
2018-07-19,9.8936417,-2.7389977,3.5773219999999997
2018-07-20,14.973986,-1.6794055,6.64729025
2018-07-21,14.524743,1.5687469,8.04674495
2018-07-22,12.874617,-0.032863001,6.4208769995
2018-07-23,16.32624,-0.041390207,8.1424248965
2018-07-24,14.654057,0.98834746,7.82120223
2018-07-25,17.843491,1.1412696,9.4923803
2018-07-26,15.806108,1.9664568,8.8862824
2018-07-27,8.7242129,1.5265032,5.12535805
2018-07-28,13.97194,-0.63608546,6.66792727
2018-07-29,12.681411,-0.73618911,5.9726109450000004
2018-07-30,15.818769,0.18967816,8.00422358
2018-07-31,15.553753,-0.35177224,7.60099038
2018-08-01,14.907763,0.4448574,7.6763102
2018-08-02,12.41233,-0.44181679,5.985256605
2018-08-03,15.301374,0.18994976,7.745661879999999
2018-08-04,18.138695,0.12226652,9.13048076
2018-08-05,17.300865,2.3924216,9.8466433
2018-08-06,15.304526,3.273982,9.289254
2018-08-07,13.953869,2.2690089,8.11143895
2018-08-08,23.711049,3.2372594,13.4741542
2018-08-09,21.980551,4.2876803,13.134115649999998
2018-08-10,21.501329,4.2480936,12.8747113
2018-08-11,17.112003,4.2879332,10.699968100000001
2018-08-12,15.649101,2.7607177,9.20490935
2018-08-13,15.64249,0.49390098,8.06819549
2018-08-14,20.239174,3.2737157,11.75644485
2018-08-15,22.419194,4.4156804,13.4174372
2018-08-16,19.157415,2.9434973,11.05045615
2018-08-17,16.942385,2.7548685,9.848626750000001
2018-08-18,14.269465,3.4090963,8.83928065
2018-08-19,17.769245,1.2810435,9.52514425
2018-08-20,19.26858,1.3076725,10.28812625
2018-08-21,18.538485,2.087585,10.313035000000001
2018-08-22,14.133937,2.3845465,8.25924175
2018-08-23,11.156463,0.93835349,6.047408245000001
2018-08-24,16.042096,-0.068684017,7.9867059915
2018-08-25,20.190821,3.7210783,11.955949649999999
2018-08-26,24.61597,6.3856109,15.50079045
2018-08-27,18.9257,4.1159445,11.52082225
2018-08-28,18.516622,4.6438028,11.5802124
2018-08-29,17.529276,4.0521875,10.790731749999999
2018-08-30,15.130028,4.4413743,9.78570115
2018-08-31,12.549627,1.229424,6.8895254999999995
2018-09-01,16.988722,3.1096992,10.0492106
2018-09-02,20.140896,4.2064595,12.173677750000001
2018-09-03,26.680554,7.5066708,17.0936124
2018-09-04,26.3401,6.5556517,16.44787585
2018-09-05,16.547441,4.6302635,10.588852249999999
2018-09-06,19.008797,3.7082519,11.35852445
2018-09-07,18.247136,5.0386142,11.642875100000001
2018-09-08,20.771159,4.5069368,12.639047900000001
2018-09-09,20.966319,4.470177,12.718247999999999
2018-09-10,24.107872,6.0034208,15.0556464
2018-09-11,18.833007,4.9640022,11.898504599999999
2018-09-12,17.758851,4.5722589,11.16555495
2018-09-13,17.820185,4.3816117,11.10089835
2018-09-14,17.589178,4.2112981,10.90023805
2018-09-15,13.263605,4.6226739,8.94313945
2018-09-16,17.21854,3.8240211,10.52128055
2018-09-17,17.634837,5.4612571,11.548047050000001
2018-09-18,12.735565,6.0160867,9.37582585
2018-09-19,16.618327,4.9185514,10.7684392
2018-09-20,19.981973,6.6003932,13.2911831
2018-09-21,23.500735,6.0085468,14.7546409
2018-09-22,17.558345,5.9633965,11.760870749999999
2018-09-23,18.553099,5.8677515,12.21042525
2018-09-24,19.138925,6.7658711,12.95239805
2018-09-25,20.499079,6.8632822,13.6811806
2018-09-26,19.568222,7.8981069,13.73316445
2018-09-27,17.722775,7.5646296,12.6437023
2018-09-28,17.261792,5.9419754,11.6018837
2018-09-29,15.536032,7.0591627,11.29759735
2018-09-30,13.608453,6.614306,10.1113795
2018-10-01,18.414753,3.2396101,10.82718155
2018-10-02,20.921876,4.7604714,12.8411737
2018-10-03,25.191596,6.5249179,15.858256950000001
2018-10-04,23.070715,7.3995605,15.23513775
2018-10-05,20.984417,6.5006495,13.742533250000001
2018-10-06,23.204559,5.8089316,14.5067453
2018-10-07,18.338825,6.5680964,12.4534607
2018-10-08,16.354486,5.7972385,11.07586225
2018-10-09,18.114535,5.8857897,12.00016235
2018-10-10,19.624278,5.4811197,12.55269885
2018-10-11,17.660405,5.5339711,11.59718805
2018-10-12,16.976698,4.5140576,10.7453778
2018-10-13,16.251769,4.2145757,10.23317235
2018-10-14,19.874812,5.1996679,12.53723995
2018-10-15,18.844141,5.645512,12.2448265
2018-10-16,15.000476,6.1147254,10.5576007
2018-10-17,15.762454,5.6228265,10.69264025
2018-10-18,20.95408,5.3004906,13.1272853
2018-10-19,19.83609,5.7127775,12.77443375
2018-10-20,20.547813,4.67968,12.613746500000001
2018-10-21,22.723652,5.9086678,14.3161599
2018-10-22,23.634112,7.7566233,15.69536765
2018-10-23,21.016117,6.9135806,13.9648488
2018-10-24,21.886757,6.3054635,14.096110249999999
2018-10-25,20.687307,7.58889,14.1380985
2018-10-26,25.341891,6.9997104,16.1708007
2018-10-27,23.730825,9.1617034,16.4462642
2018-10-28,24.019981,9.1082727,16.56412685
2018-10-29,21.446581,8.6686313,15.057606149999998
2018-10-30,21.021054,8.4283226,14.7246883
2018-10-31,23.330647,6.6840859,15.00736645
2018-11-01,23.491369,7.8463588,15.6688639
2018-11-02,19.737684,7.6579265,13.697805250000002
2018-11-03,23.095835,7.5896205,15.34272775
2018-11-04,24.182675,7.2678788,15.7252769
2018-11-05,27.917016,9.0738463,18.49543115
2018-11-06,29.800597,11.39114,20.5958685
2018-11-07,30.086657,12.078377,21.082517
2018-11-08,27.851437,11.435697,19.643567
2018-11-09,26.273986,9.9416981,18.107842050000002
2018-11-10,23.036503,8.5677007,15.80210185
2018-11-11,21.662404,8.810313,15.2363585
2018-11-12,18.960579,7.3187771,13.13967805
2018-11-13,20.404293,6.6295163,13.516904649999999
2018-11-14,27.166856,8.5268657,17.84686085
2018-11-15,27.6885,9.4241355,18.55631775
2018-11-16,25.189176,9.5043762,17.3467761
2018-11-17,23.021115,8.9195773,15.970346150000001
2018-11-18,30.561982,10.917456,20.739719
2018-11-19,29.038768,11.602632,20.320700000000002
2018-11-20,28.065982,11.667419,19.8667005
2018-11-21,26.035712,10.795765,18.4157385
2018-11-22,26.426445,10.815969,18.621207000000002
2018-11-23,27.31373,11.007656,19.160693000000002
2018-11-24,28.941133,11.302057,20.121595
2018-11-25,27.771608,10.589285,19.180446500000002
2018-11-26,25.673232,9.6994901,17.68636105
2018-11-27,27.789163,9.7943831,18.79177305
2018-11-28,24.944058,9.5779185,17.260988249999997
2018-11-29,24.1895,9.2335976,16.7115488
2018-11-30,25.489212,9.336206,17.412709
2018-12-01,25.544083,10.399105,17.971594
2018-12-02,24.595758,10.40952,17.502639000000002
2018-12-03,23.363828,9.6685225,16.51617525
2018-12-04,20.725757,9.4635172,15.0946371
2018-12-05,24.646653,9.6154726,17.131062800000002
2018-12-06,26.092556,10.601101,18.3468285
2018-12-07,23.960667,10.579009,17.269838
2018-12-08,23.523966,9.3814215,16.45269375
2018-12-09,27.954454,9.8042065,18.87933025
2018-12-10,26.185359,10.316733,18.251046
2018-12-11,27.371007,10.124892,18.747949499999997
2018-12-12,26.616993,10.766226,18.6916095
2018-12-13,21.361248,8.2516438,14.8064459
2018-12-14,25.20208,8.9169889,17.05953445
2018-12-15,26.499612,9.8393521,18.16948205
2018-12-16,28.101534,11.051887,19.5767105
2018-12-17,26.005174,10.921844,18.463509000000002
2018-12-18,27.512125,11.459102,19.4856135
2018-12-19,25.720062,11.193964,18.457013
2018-12-20,26.236366,9.6392616,17.9378138
2018-12-21,26.75373,10.743618,18.748674
2018-12-22,24.680293,10.626356,17.6533245
2018-12-23,27.360333,11.331067,19.3457
2018-12-24,27.417736,12.29564,19.856688000000002
2018-12-25,26.736423,11.959116,19.3477695
2018-12-26,24.671217,11.417558,18.0443875
2018-12-27,25.521287,11.086883,18.304085
2018-12-28,26.807866,11.02095,18.914408
2018-12-29,25.16902,10.462553,17.8157865
2018-12-30,27.620577,11.219317,19.419947
2018-12-31,27.326821,11.152984,19.2399025
2019-01-01,28.671033,11.753698,20.2123655
2019-01-02,30.555671,13.039491,21.797581
2019-01-03,30.995393,13.141924,22.068658499999998
2019-01-04,27.084745,12.038368,19.561556500000002
2019-01-05,25.158699,11.516776,18.3377375
2019-01-06,24.764465,11.403263,18.083864000000002
2019-01-07,23.414871,11.17946,17.297165500000002
2019-01-08,24.406964,10.40987,17.408417
2019-01-09,23.195231,10.275028,16.7351295
2019-01-10,25.933794,9.5730621,17.75342805
2019-01-11,25.394156,10.243642,17.818899
2019-01-12,24.889876,10.309035,17.5994555
2019-01-13,25.347909,11.037642,18.1927755
2019-01-14,25.246958,10.667092,17.957025
2019-01-15,28.698312,10.985728,19.84202
2019-01-16,25.842031,11.258825,18.550428
2019-01-17,27.591581,10.102266,18.846923500000003
2019-01-18,28.838842,12.460681,20.6497615
2019-01-19,26.25304,12.342653,19.2978465
2019-01-20,26.962237,11.82598,19.394108499999998
2019-01-21,28.712169,12.742782,20.7274755
2019-01-22,28.147836,12.580427,20.3641315
2019-01-23,27.65892,12.688946,20.173932999999998
2019-01-24,27.519991,12.021269,19.77063
2019-01-25,29.14345,13.183304,21.163377
2019-01-26,33.114204,14.733336,23.92377
2019-01-27,30.801869,13.4937,22.1477845
2019-01-28,29.572999,13.361992,21.4674955
2019-01-29,27.198122,11.75217,19.475146000000002
2019-01-30,28.466584,12.50373,20.485157
2019-01-31,30.35378,12.753033,21.5534065
2019-02-01,29.288203,13.087159,21.187680999999998
2019-02-02,28.49967,13.080628,20.790149
2019-02-03,28.713974,13.238602,20.976288
2019-02-04,29.067509,12.804843,20.936176
2019-02-05,29.81053,13.474253,21.6423915
2019-02-06,27.90508,13.831371,20.8682255
2019-02-07,28.212107,12.883673,20.54789
2019-02-08,28.406392,12.466433,20.4364125
2019-02-09,28.540506,12.814893,20.6776995
2019-02-10,27.597067,12.464872,20.030969499999998
2019-02-11,25.197143,11.365104,18.2811235
2019-02-12,26.016551,11.032158,18.5243545
2019-02-13,26.448174,10.702133,18.5751535
2019-02-14,32.296108,12.228676,22.262392
2019-02-15,26.86928,12.358964,19.614122000000002
2019-02-16,24.561992,11.933628,18.24781
2019-02-17,26.633555,11.657194,19.145374500000003
2019-02-18,26.601461,11.87674,19.2391005
2019-02-19,27.016301,12.076878,19.5465895
2019-02-20,26.543346,12.334365,19.4388555
2019-02-21,25.811474,12.078217,18.9448455
2019-02-22,27.176206,12.066855,19.6215305
2019-02-23,28.451213,12.607981,20.529597
2019-02-24,27.589474,11.420649,19.5050615
2019-02-25,26.952945,10.739061,18.846003
2019-02-26,27.864087,10.712631,19.288359
2019-02-27,28.349506,11.368091,19.8587985
2019-02-28,26.376951,11.099309,18.738129999999998
2019-03-01,27.338677,10.023939,18.681308
2019-03-02,26.377739,11.099445,18.738591999999997
2019-03-03,25.145582,10.570118,17.85785
2019-03-04,26.316919,9.978416,18.147667499999997
2019-03-05,28.509136,11.055637,19.7823865
2019-03-06,27.830294,11.350898,19.590595999999998
2019-03-07,27.740075,10.5179,19.1289875
2019-03-08,23.221069,9.7292838,16.4751764
2019-03-09,23.939088,9.6769147,16.80800135
2019-03-10,24.933265,10.136083,17.534674
2019-03-11,26.286975,10.109583,18.198279
2019-03-12,28.590125,11.15823,19.874177500000002
2019-03-13,25.593207,11.152521,18.372864
2019-03-14,25.515045,10.698054,18.1065495
2019-03-15,25.714193,10.108224,17.9112085
2019-03-16,24.893162,9.0181932,16.9556776
2019-03-17,25.743579,8.8099336,17.276756300000002
2019-03-18,25.664418,9.7848571,17.72463755
2019-03-19,27.670008,9.5393621,18.60468505
2019-03-20,25.893529,8.5681585,17.23084375
2019-03-21,26.57094,8.9933757,17.78215785
2019-03-22,27.743647,9.9116182,18.8276326
2019-03-23,26.032513,10.37828,18.2053965
2019-03-24,25.014734,9.8500312,17.4323826
2019-03-25,23.768669,8.9937071,16.38118805
2019-03-26,24.272953,8.6114079,16.442180450000002
2019-03-27,23.658078,8.52436,16.091219
2019-03-28,24.28703,8.5790305,16.43303025
2019-03-29,24.085397,8.7647759,16.425086450000002
2019-03-30,22.122657,9.4945935,15.80862525
2019-03-31,22.329295,9.7379976,16.0336463
2019-04-01,23.787323,9.1021757,16.444749350000002
2019-04-02,24.617046,10.124197,17.3706215
2019-04-03,21.068368,10.062434,15.565401
2019-04-04,22.365559,9.3040437,15.83480135
2019-04-05,26.659892,9.3645786,18.0122353
2019-04-06,27.861309,10.519033,19.190171
2019-04-07,27.277858,10.738505,19.0081815
2019-04-08,22.231948,8.9930172,15.6124826
2019-04-09,19.437467,6.9598768,13.1986719
2019-04-10,24.875994,7.6246059,16.25029995
2019-04-11,21.306108,7.8570411,14.58157455
2019-04-12,20.407588,6.8879304,13.6477592
2019-04-13,18.461278,7.4836164,12.9724472
2019-04-14,23.575824,6.4259743,15.00089915
2019-04-15,25.905592,7.8409843,16.87328815
2019-04-16,25.241369,8.2439638,16.742666399999997
2019-04-17,24.592934,7.6283584,16.110646199999998
2019-04-18,20.469452,7.926739,14.1980955
2019-04-19,19.61802,6.7234685,13.17074425
2019-04-20,18.896728,6.3264803,12.61160415
2019-04-21,18.006046,4.6796804,11.3428632
2019-04-22,19.206287,5.1210615,12.16367425
2019-04-23,18.350635,5.3891423,11.86988865
2019-04-24,14.451518,7.2380207,10.84476935
2019-04-25,18.415736,6.5371206,12.476428299999998
2019-04-26,20.394426,6.2069134,13.3006697
2019-04-27,22.120984,6.2715975,14.19629075
2019-04-28,23.346157,7.35336,15.3497585
2019-04-29,21.497346,7.8576227,14.67748435
2019-04-30,22.245628,7.3921634,14.8188957
2019-05-01,24.988746,7.4941816,16.2414638
2019-05-02,23.449337,7.68329,15.5663135
2019-05-03,20.64232,7.2351919,13.938755950000001
2019-05-04,18.983042,6.8640338,12.9235379
2019-05-05,19.648875,6.8656622,13.2572686
2019-05-06,20.869488,7.4482026,14.1588453
2019-05-07,19.775861,5.7720645,12.773962749999999
2019-05-08,16.953717,5.0683454,11.011031200000001
2019-05-09,15.484983,4.3109635,9.89797325
2019-05-10,17.11475,3.5248684,10.3198092
2019-05-11,18.009479,3.8499121,10.92969555
2019-05-12,20.001993,4.5654874,12.2837402
2019-05-13,22.805227,6.0204046,14.412815799999999
2019-05-14,23.162651,5.8575566,14.5101038
2019-05-15,21.777601,6.7634571,14.27052905
2019-05-16,16.763845,5.7287464,11.246295700000001
2019-05-17,15.503205,5.3242758,10.4137404
2019-05-18,17.321191,4.772995,11.047093
2019-05-19,16.859034,4.2084569,10.533745450000001
2019-05-20,13.082393,2.0367133,7.55955315
2019-05-21,13.361301,-0.020350176,6.670475411999999
2019-05-22,16.711098,0.96142947,8.836263735
2019-05-23,20.2234,2.476333,11.349866500000001
2019-05-24,20.443783,4.8992361,12.67150955
2019-05-25,15.624279,4.9555642,10.2899216
2019-05-26,13.952419,4.4314647,9.191941850000001
2019-05-27,14.632096,3.3725369,9.00231645
2019-05-28,16.810602,3.7655197,10.288060849999999
2019-05-29,14.380067,6.9222875,10.65117725
2019-05-30,15.387626,6.2048848,10.7962554
2019-05-31,14.772417,5.4038841,10.08815055
2019-06-01,16.228468,3.7031977,9.96583285
2019-06-02,19.272669,4.2785632,11.7756161
2019-06-03,21.405611,4.6711343,13.03837265
2019-06-04,18.943102,6.2282801,12.58569105
2019-06-05,16.707712,4.407213,10.5574625
2019-06-06,14.200745,4.6232979,9.41202145
2019-06-07,17.222448,3.1082473,10.16534765
2019-06-08,19.792631,3.276234,11.5344325
2019-06-09,17.727394,3.174388,10.450891
2019-06-10,16.760744,3.157418,9.959081
2019-06-11,12.282191,4.0631532,8.1726721
2019-06-12,13.705549,3.1409044,8.4232267
2019-06-13,12.160328,3.9199036,8.0401158
2019-06-14,10.846934,2.5225072,6.6847205999999995
2019-06-15,11.81692,1.2189772,6.5179485999999995
2019-06-16,12.499073,0.92634003,6.712706515
2019-06-17,10.030987,1.5098679,5.77042745
2019-06-18,15.882249,0.98698157,8.434615285
2019-06-19,22.013977,4.5276919,13.27083445
2019-06-20,18.878615,5.8970222,12.3878186
2019-06-21,17.526574,3.4349242,10.4807491
2019-06-22,20.379881,4.8918421,12.635861550000001
2019-06-23,17.379474,4.1632799,10.771376949999999
2019-06-24,10.936607,2.7997072,6.8681571
2019-06-25,12.756013,0.021878343,6.388945671499999
2019-06-26,13.67568,0.75584023,7.215760115
2019-06-27,11.998429,3.0328564,7.5156427
2019-06-28,11.694758,3.5531907,7.62397435
2019-06-29,11.251845,3.5310162,7.3914306
2019-06-30,12.990264,1.2473374,7.1188006999999995
2019-07-01,16.43819,0.13427353,8.286231765
2019-07-02,15.816372,1.5511971,8.68378455
2019-07-03,16.840215,1.9921854,9.4162002
2019-07-04,16.102142,2.5144025,9.30827225
2019-07-05,20.966994,3.206377,12.0866855
2019-07-06,16.95125,5.0466222,10.998936100000002
2019-07-07,14.957829,4.74882,9.8533245
2019-07-08,13.34539,4.2012827,8.773336350000001
2019-07-09,15.045658,2.4769198,8.7612889
2019-07-10,13.286225,2.2498041,7.76801455
2019-07-11,12.707993,1.3500049,7.02899895
2019-07-12,13.500709,0.73614633,7.1184276650000005
2019-07-13,14.687125,-0.45043401,7.118345495
2019-07-14,15.475137,0.56326866,8.01920283
2019-07-15,20.012921,1.5587609,10.785840949999999
2019-07-16,17.779784,3.1890178,10.484400899999999
2019-07-17,15.350732,2.8632258,9.1069789
2019-07-18,16.56307,1.5803282,9.0716991
2019-07-19,17.66967,1.5296221,9.59964605
2019-07-20,16.18798,2.8014902,9.4947351
2019-07-21,9.2524221,1.3180642,5.28524315
2019-07-22,11.284032,-1.2094981,5.03726695
2019-07-23,12.301785,-0.90081382,5.70048559
2019-07-24,15.306846,0.052395766,7.679620883
2019-07-25,12.615739,0.9719392,6.7938391
2019-07-26,15.766631,1.1676927,8.46716185
2019-07-27,16.852148,2.1094602,9.4808041
2019-07-28,14.119024,0.64065361,7.3798388049999994
2019-07-29,17.317198,3.4343808,10.3757894
2019-07-30,21.814829,5.2599039,13.53736645
2019-07-31,14.814224,2.0178456,8.4160348
2019-08-01,13.44793,0.063052152,6.755491075999999
2019-08-02,18.058797,0.90045653,9.479626764999999
2019-08-03,21.434045,2.6234681,12.02875655
2019-08-04,22.58082,3.4577132,13.0192666
2019-08-05,17.563164,2.7510217,10.15709285
2019-08-06,12.382,0.41686899,6.3994344949999995
2019-08-07,12.572581,-0.9587488,5.8069161
2019-08-08,11.186335,-1.2791609,4.953587049999999
2019-08-09,13.478584,-1.5284355,5.97507425
2019-08-10,16.565813,-0.030413663,8.267699668499999
2019-08-11,13.989538,-0.88426458,6.55263671
2019-08-12,17.073609,-0.62616294,8.22372303
2019-08-13,25.630063,2.9796435,14.30485325
2019-08-14,21.513622,5.2301828,13.3719024
2019-08-15,18.028109,3.7816576,10.9048833
2019-08-16,13.549287,2.2564538,7.902870399999999
2019-08-17,14.772517,0.75972312,7.76612006
2019-08-18,13.664282,2.3812455,8.02276375
2019-08-19,17.181665,2.6132917,9.89747835
2019-08-20,22.439399,4.3027758,13.3710874
2019-08-21,17.383553,4.2122608,10.7979069
2019-08-22,25.125271,4.2654302,14.695350600000001
2019-08-23,23.087221,5.4571323,14.272176649999999
2019-08-24,20.106012,5.4442254,12.7751187
2019-08-25,18.484249,4.5195489,11.50189895
2019-08-26,22.214476,4.5706457,13.39256085
2019-08-27,25.316147,6.6310526,15.9735998
2019-08-28,22.517614,6.8884668,14.703040399999999
2019-08-29,17.926265,4.1740969,11.050180950000001
2019-08-30,18.453133,2.7413897,10.59726135
2019-08-31,20.700415,2.888126,11.7942705
2019-09-01,21.933908,3.6659187,12.799913349999999
2019-09-02,21.158713,3.0120507,12.08538185
2019-09-03,23.044519,3.0162555,13.03038725
2019-09-04,21.227945,5.8036317,13.51578835
2019-09-05,14.913364,4.2765078,9.5949359
2019-09-06,15.685088,3.6442156,9.6646518
2019-09-07,13.506581,3.7177308,8.612155900000001
2019-09-08,15.085192,2.1312138,8.6082029
2019-09-09,13.167902,2.798865,7.9833835
2019-09-10,15.042052,2.1644775,8.60326475
2019-09-11,17.133003,2.3154874,9.724245199999999
2019-09-12,24.75364,4.4283739,14.59100695
2019-09-13,21.451367,4.8871205,13.16924375
2019-09-14,15.232856,4.2516596,9.7422578
2019-09-15,16.177106,2.6682493,9.422677649999999
2019-09-16,17.291252,2.9193172,10.105284600000001
2019-09-17,14.812087,3.3772651,9.09467605
2019-09-18,18.491582,3.3623262,10.9269541
2019-09-19,17.493128,3.1881205,10.34062425
2019-09-20,20.95416,3.186548,12.070354000000002
2019-09-21,27.220252,5.9073253,16.56378865
2019-09-22,23.344546,6.7374573,15.04100165
2019-09-23,20.46631,4.9669703,12.71664015
2019-09-24,21.502942,5.8677695,13.68535575
2019-09-25,23.261804,7.0045604,15.1331822
2019-09-26,22.840691,6.8169043,14.82879765
2019-09-27,18.562686,5.4346809,11.99868345
2019-09-28,23.263783,5.5272662,14.3955246
2019-09-29,19.314196,5.4774405,12.39581825
2019-09-30,14.187677,2.7800081,8.48384255
2019-10-01,13.747603,2.1600684,7.9538357
2019-10-02,16.065904,1.6647266,8.8653153
2019-10-03,15.951973,2.1142048,9.033088900000001
2019-10-04,19.260842,2.6589751,10.95990855
2019-10-05,20.095478,4.0757411,12.085609550000001
2019-10-06,24.854874,6.3530784,15.6039762
2019-10-07,25.707259,7.8055833,16.75642115
2019-10-08,30.403619,10.462948,20.4332835
2019-10-09,29.84061,11.957035,20.8988225
2019-10-10,27.09621,11.077132,19.086671
2019-10-11,24.649534,8.9386282,16.7940811
2019-10-12,21.131011,8.9614265,15.046218750000001
2019-10-13,24.144849,9.4870975,16.81597325
2019-10-14,15.647321,7.7927297,11.72002535
2019-10-15,21.128172,6.284754,13.706463
2019-10-16,16.158765,5.8598782,11.0093216
2019-10-17,18.884988,5.2326766,12.058832299999999
2019-10-18,21.346432,5.8577851,13.60210855
2019-10-19,17.558945,6.2583382,11.908641600000001
2019-10-20,19.625503,5.7516469,12.68857495
2019-10-21,26.219352,7.0026639,16.61100795
2019-10-22,26.443144,8.2592756,17.3512098
2019-10-23,23.987214,7.905169,15.946191500000001
2019-10-24,23.172859,7.246096,15.209477499999998
2019-10-25,26.37445,8.4252682,17.3998591
2019-10-26,22.621985,7.4654375,15.04371125
2019-10-27,19.924854,7.4451801,13.685017049999999
2019-10-28,18.935511,6.2721446,12.603827800000001
2019-10-29,20.177713,4.7937352,12.4857241
2019-10-30,25.013604,6.2623352,15.6379696
2019-10-31,21.877831,7.0927415,14.48528625
2019-11-01,21.287091,6.6974143,13.992252650000001
2019-11-02,26.330102,8.4148581,17.37248005
2019-11-03,22.127672,7.7728371,14.95025455
2019-11-04,21.071093,7.0065662,14.0388296
2019-11-05,24.653941,7.8209479,16.237444449999998
2019-11-06,27.836361,8.7630198,18.2996904
2019-11-07,29.091083,10.797431,19.944257
2019-11-08,25.622772,10.342737,17.9827545
2019-11-09,30.949152,11.624805,21.2869785
2019-11-10,28.432227,11.40144,19.9168335
2019-11-11,23.31685,10.003482,16.660166
2019-11-12,24.330723,9.4842486,16.9074858
2019-11-13,26.257718,9.6431547,17.95043635
2019-11-14,28.095012,11.168892,19.631952
2019-11-15,30.239766,12.063506,21.151636
2019-11-16,27.901643,11.766608,19.8341255
2019-11-17,26.454125,9.5955028,18.0248139
2019-11-18,31.036122,12.062129,21.5491255
2019-11-19,27.89773,12.9732,20.435465
2019-11-20,30.080962,11.894578,20.987769999999998
2019-11-21,24.904453,11.197479,18.050966
2019-11-22,24.875989,10.264455,17.570222
2019-11-23,20.880054,10.212569,15.546311500000002
2019-11-24,21.368937,9.0121601,15.190548549999999
2019-11-25,20.185329,8.2429206,14.2141248
2019-11-26,24.322858,6.9627994,15.642828699999999
2019-11-27,29.255517,9.2464242,19.250970600000002
2019-11-28,27.123749,9.6138103,18.36877965
2019-11-29,27.017954,8.6095923,17.81377315
2019-11-30,29.882084,10.043819,19.9629515
2019-12-01,26.103874,10.612158,18.358016
2019-12-02,26.564024,10.360367,18.4621955
2019-12-03,25.999375,10.618728,18.309051500000002
2019-12-04,26.546031,9.4974551,18.021743049999998
2019-12-05,28.829244,10.902583,19.865913499999998
2019-12-06,25.218704,9.936067,17.5773855
2019-12-07,23.490922,8.7007336,16.095827800000002
2019-12-08,25.090507,9.2282892,17.1593981
2019-12-09,25.541475,9.8878648,17.714669899999997
2019-12-10,25.059727,9.6266008,17.3431639
2019-12-11,26.258433,10.156282,18.2073575
2019-12-12,31.315539,12.531694,21.9236165
2019-12-13,26.405699,11.046235,18.725966999999997
2019-12-14,25.425719,10.940383,18.183051
2019-12-15,27.000097,10.145195,18.572646
2019-12-16,27.509204,10.532481,19.0208425
2019-12-17,29.795379,11.692825,20.744101999999998
2019-12-18,28.970379,12.063822,20.5171005
2019-12-19,25.060393,11.577888,18.3191405
2019-12-20,28.517552,11.053752,19.785652
2019-12-21,29.13142,12.121569,20.6264945
2019-12-22,30.878095,12.088552,21.483323499999997
2019-12-23,32.106277,13.490547,22.798412
2019-12-24,27.293521,11.848876,19.5711985
2019-12-25,26.620234,11.206974,18.913604
2019-12-26,27.643646,11.112684,19.378165
2019-12-27,28.479842,11.823294,20.151568
2019-12-28,31.00491,12.901664,21.953287
2019-12-29,29.382742,13.007191,21.1949665
2019-12-30,29.922335,12.375953,21.149144
2019-12-31,29.171538,12.441342,20.806440000000002
2020-01-01,26.727585,11.536454,19.132019500000002
2020-01-02,26.123299,10.871485,18.497391999999998
2020-01-03,25.852771,11.346847,18.599809
2020-01-04,26.074327,12.728789,19.401558
2020-01-05,22.229494,10.550614,16.390054
2020-01-06,25.102201,9.8696899,17.48594545
2020-01-07,26.581222,10.958027,18.7696245
2020-01-08,24.269717,10.522228,17.3959725
2020-01-09,27.309458,10.534012,18.921734999999998
2020-01-10,29.395606,11.395772,20.395689
2020-01-11,29.048146,11.978467,20.5133065
2020-01-12,27.969725,12.138341,20.054033
2020-01-13,28.374307,11.919283,20.146795
2020-01-14,27.565509,12.177795,19.871651999999997
2020-01-15,30.583165,13.186303,21.884734
2020-01-16,29.169209,12.519302,20.8442555
2020-01-17,28.856649,12.790534,20.8235915
2020-01-18,28.94441,13.73466,21.339535
2020-01-19,26.523171,13.12766,19.825415500000002
2020-01-20,27.817992,12.951792,20.384892
2020-01-21,26.855175,12.577724,19.7164495
2020-01-22,26.080266,12.280287,19.1802765
2020-01-23,26.92742,13.202604,20.065012
2020-01-24,27.871549,13.7867,20.8291245
2020-01-25,29.403445,13.580833,21.492139
2020-01-26,30.347896,13.549352,21.948624
2020-01-27,29.296353,13.914132,21.6052425
2020-01-28,27.908717,13.170341,20.539529
2020-01-29,27.427682,11.639193,19.5334375
2020-01-30,29.180756,12.109007,20.6448815
2020-01-31,29.009008,12.530165,20.769586500000003
2020-02-01,28.286961,12.743296,20.515128500000003
2020-02-02,27.940081,12.97266,20.4563705
2020-02-03,28.691095,11.909252,20.3001735
2020-02-04,27.725384,10.944576,19.334979999999998
2020-02-05,25.033651,10.04558,17.5396155
2020-02-06,26.552729,9.4936713,18.02320015
2020-02-07,29.181506,10.821095,20.0013005
2020-02-08,29.362139,12.12569,20.7439145
2020-02-09,28.430004,11.671168,20.050586
2020-02-10,27.232504,11.832007,19.532255499999998
2020-02-11,26.699761,12.390338,19.545049499999998
2020-02-12,26.33846,12.264949,19.3017045
2020-02-13,27.954516,11.457919,19.7062175
2020-02-14,29.726322,11.800377,20.7633495
2020-02-15,28.821011,11.793817,20.307414
2020-02-16,27.242274,10.956058,19.099166
2020-02-17,28.322154,10.920739,19.6214465
2020-02-18,30.345816,12.524203,21.4350095
2020-02-19,29.110822,11.835398,20.47311
2020-02-20,27.518908,12.172655,19.8457815
2020-02-21,25.262261,10.772459,18.01736
2020-02-22,26.127688,10.125764,18.126725999999998
2020-02-23,25.062447,9.9295582,17.4960026
2020-02-24,24.197506,9.1833835,16.69044475
2020-02-25,28.487217,10.019699,19.253458000000002
2020-02-26,29.950275,11.819568,20.8849215
2020-02-27,27.767479,11.403883,19.585681
2020-02-28,28.375656,11.745687,20.060671499999998
2020-02-29,26.583551,12.346735,19.465143
2020-03-01,25.928055,11.215249,18.571652
2020-03-02,26.012085,10.985058,18.4985715
2020-03-03,25.628047,11.023074,18.325560499999998
2020-03-04,27.73143,11.926204,19.828817
2020-03-05,30.784067,12.665887,21.724977
2020-03-06,26.467374,12.138187,19.3027805
2020-03-07,27.134975,11.522566,19.3287705
2020-03-08,27.681185,11.970033,19.825609
2020-03-09,28.600635,12.448811,20.524723
2020-03-10,28.39942,11.801042,20.100231
2020-03-11,27.76936,12.063197,19.9162785
2020-03-12,25.983391,11.263645,18.623518
2020-03-13,26.098788,10.710894,18.404840999999998
2020-03-14,26.853057,11.377973,19.115515000000002
2020-03-15,27.140021,10.757571,18.948796
2020-03-16,23.671988,9.4394089,16.55569845
2020-03-17,24.937637,9.121305,17.029471
2020-03-18,25.413244,9.319258,17.366251
2020-03-19,25.505165,8.9145466,17.2098558
2020-03-20,23.987968,9.0740095,16.53098875
2020-03-21,22.167603,8.7000723,15.433837650000001
2020-03-22,23.80574,9.0498998,16.4278199
2020-03-23,27.545474,9.0997597,18.32261685
2020-03-24,26.410585,9.1776824,17.7941337
2020-03-25,24.729174,10.120628,17.424901
2020-03-26,23.018185,9.7640742,16.3911296
2020-03-27,22.90478,9.05287,15.978825
2020-03-28,22.919958,8.8278289,15.87389345
2020-03-29,26.228862,9.350535,17.7896985
2020-03-30,26.359205,10.654258,18.5067315
2020-03-31,27.415086,10.625207,19.0201465
2020-04-01,26.824735,9.2939791,18.05935705
2020-04-02,28.699167,10.447493,19.57333
2020-04-03,25.211198,8.6222295,16.91671375
2020-04-04,24.254486,8.6368307,16.445658350000002
2020-04-05,23.799667,8.0608843,15.930275649999999
2020-04-06,27.73993,9.1941137,18.467021850000002
2020-04-07,27.0145,10.022691,18.5185955
2020-04-08,23.268034,8.5158351,15.89193455
2020-04-09,22.504286,7.7802501,15.14226805
2020-04-10,21.733427,7.300574,14.5170005
2020-04-11,20.848889,7.4374559,14.14317245
2020-04-12,17.0816,8.3196123,12.70060615
2020-04-13,23.718229,7.4416941,15.57996155
2020-04-14,24.063033,7.5580683,15.81055065
2020-04-15,21.903891,7.6094971,14.75669405
2020-04-16,23.018007,7.2763979,15.14720245
2020-04-17,25.424142,8.633374,17.028758
2020-04-18,25.224447,9.1807057,17.20257635
2020-04-19,26.293967,10.253667,18.273817
2020-04-20,27.04069,10.203683,18.6221865
2020-04-21,26.126107,9.6090068,17.8675569
2020-04-22,23.772169,8.7879695,16.28006925
2020-04-23,19.372042,8.6486696,14.0103558
2020-04-24,18.70243,7.6433359,13.17288295
2020-04-25,20.469021,6.6003467,13.53468385
2020-04-26,19.016169,6.9720447,12.994106850000001
2020-04-27,18.943299,5.8992076,12.4212533
2020-04-28,23.813129,6.3386115,15.07587025
2020-04-29,23.792004,6.6951248,15.2435644
2020-04-30,23.055482,4.9192708,13.9873764
